,agent0_panda,agent0_sea turtle,agent0_koala,agent0_peacock,agent0_lion,agent0_dolphin,agent0_octopus,agent0_snow leopard,agent0_quokka,agent0_sea otter,agent0_honeybee,agent0_elephant,agent0_kangaroo,agent0_penguin,agent0_giraffe,agent0_orangutan,agent0_chimpanzee,agent1_panda,agent1_sea turtle,agent1_koala,agent1_peacock,agent1_lion,agent1_dolphin,agent1_octopus,agent1_snow leopard,agent1_quokka,agent1_sea otter,agent1_honeybee,agent1_elephant,agent1_kangaroo,agent1_penguin,agent1_giraffe,agent1_orangutan,agent1_chimpanzee,agent2_panda,agent2_sea turtle,agent2_koala,agent2_peacock,agent2_lion,agent2_dolphin,agent2_octopus,agent2_snow leopard,agent2_quokka,agent2_sea otter,agent2_honeybee,agent2_elephant,agent2_kangaroo,agent2_penguin,agent2_giraffe,agent2_orangutan,agent2_chimpanzee,agent3_panda,agent3_sea turtle,agent3_koala,agent3_peacock,agent3_lion,agent3_dolphin,agent3_octopus,agent3_snow leopard,agent3_quokka,agent3_sea otter,agent3_honeybee,agent3_elephant,agent3_kangaroo,agent3_penguin,agent3_giraffe,agent3_orangutan,agent3_chimpanzee,agent4_panda,agent4_sea turtle,agent4_koala,agent4_peacock,agent4_lion,agent4_dolphin,agent4_octopus,agent4_snow leopard,agent4_quokka,agent4_sea otter,agent4_honeybee,agent4_elephant,agent4_kangaroo,agent4_penguin,agent4_giraffe,agent4_orangutan,agent4_chimpanzee,agent5_panda,agent5_sea turtle,agent5_koala,agent5_peacock,agent5_lion,agent5_dolphin,agent5_octopus,agent5_snow leopard,agent5_quokka,agent5_sea otter,agent5_honeybee,agent5_elephant,agent5_kangaroo,agent5_penguin,agent5_giraffe,agent5_orangutan,agent5_chimpanzee
1,-9.56240177154541,-9.12053394317627,-9.839048385620115,-6.723937034606934,-4.707695960998535,-5.582415580749512,-3.817273139953613,-6.956426620483398,-8.01976203918457,-10.370017051696776,-8.641190528869629,-6.60899829864502,-7.761764049530029,-9.57416534423828,-6.366669654846191,-8.550336837768555,-8.432244300842285,-10.27030086517334,-11.568937301635742,-11.01968002319336,-11.19696044921875,-12.150568962097168,-4.424905776977539,-0.2235340178012848,-10.103564262390137,-6.291622638702393,-7.029152870178223,-7.640785694122314,-7.737734794616699,-12.764009475708008,-13.040416717529297,-10.421812057495115,-8.623200416564941,-8.10190486907959,-9.708576202392578,-11.42804718017578,-10.308469772338867,-10.716532707214355,-11.693472862243652,-4.996917247772217,-0.2908151745796203,-8.943536758422852,-6.057286739349365,-7.112198829650879,-7.624512195587158,-7.658915042877197,-12.244832992553713,-13.08092975616455,-10.100434303283691,-8.47605037689209,-8.411338806152344,-8.104126930236816,-11.223529815673828,-9.834126472473145,-11.104090690612791,-11.277226448059082,-3.81728458404541,-0.2860673367977142,-8.93701171875,-6.504865646362305,-6.904428958892822,-7.7279582023620605,-6.766990661621094,-11.927255630493164,-10.97457790374756,-9.860258102416992,-8.241687774658203,-8.106861114501953,-8.379414558410645,-10.684383392333984,-9.78883457183838,-11.95527172088623,-10.854207038879396,-3.154237031936645,-0.2117372900247573,-9.450987815856934,-7.368443489074707,-6.479352951049805,-7.573389530181885,-6.151464939117432,-12.25974178314209,-10.79363250732422,-9.836238861083984,-8.021318435668945,-7.632723331451416,-9.797338485717772,-11.624075889587402,-10.801631927490234,-11.789249420166016,-10.825610160827637,-3.839131355285645,-0.2542594075202942,-10.38853931427002,-7.062691688537598,-6.5404205322265625,-7.277627944946289,-6.458248138427734,-11.921340942382812,-12.172029495239258,-9.51965618133545,-8.431318283081055,-7.216406345367432
2,-10.010122299194336,-9.266685485839844,-9.461991310119627,-7.661895275115967,-5.266463279724121,-6.303494453430176,-4.243551731109619,-6.607691287994385,-7.315390586853027,-10.124115943908691,-8.14445686340332,-6.590634346008301,-7.331892013549805,-9.192191123962402,-6.058797359466553,-8.551016807556152,-7.964653015136719,-6.464565753936768,-8.664898872375488,-8.1287841796875,-10.132128715515137,-7.7092604637146,-2.734736919403076,-1.1444615125656128,-6.815258026123047,-5.911251544952393,-5.303424835205078,-6.878069877624512,-5.169575214385986,-7.697523593902588,-7.097479343414307,-7.112009048461914,-6.850667953491211,-6.7297844886779785,-10.69994831085205,-11.760309219360352,-11.354276657104492,-11.66987419128418,-13.07884693145752,-4.342852592468262,-0.1970352679491043,-9.863116264343262,-6.750575542449951,-7.6263747215271,-8.769128799438477,-7.717650413513184,-13.591562271118164,-14.258309364318848,-11.478671073913574,-8.91149616241455,-9.332816123962402,-9.97653579711914,-11.527657508850098,-11.109256744384766,-11.824491500854492,-12.22400188446045,-3.453670024871826,-0.2120153605937957,-10.4054594039917,-7.496261596679687,-7.104617595672607,-8.187875747680664,-6.964700222015381,-13.31195831298828,-12.177154541015623,-10.755722045898438,-8.741747856140137,-8.226129531860352,-10.65671157836914,-12.398487091064451,-11.341975212097168,-12.129746437072754,-12.623305320739746,-4.172198295593262,-0.2056542187929153,-10.29153537750244,-7.439611434936523,-7.852663040161133,-8.510832786560059,-7.698126792907715,-13.4082612991333,-13.407602310180664,-11.099626541137695,-8.939969062805176,-8.56248664855957,-11.09108066558838,-14.510805130004885,-12.33757781982422,-13.579217910766602,-12.500582695007324,-3.628413677215576,-0.1122881323099136,-11.777097702026367,-8.177234649658203,-7.559488296508789,-8.820724487304688,-7.447854518890381,-13.445789337158203,-14.591934204101562,-10.934605598449709,-8.927244186401367,-8.51977825164795
3,-9.332722663879396,-8.251070976257324,-8.881240844726562,-7.443979263305664,-4.841086387634277,-5.8881120681762695,-3.5277905464172363,-6.8847761154174805,-6.791455268859863,-9.731256484985352,-7.89479923248291,-6.302642822265625,-7.120582580566406,-8.954769134521484,-5.473549842834473,-7.958502292633057,-7.632843017578125,-9.157403945922852,-10.954627990722656,-9.20880889892578,-10.453821182250977,-11.028604507446287,-3.653792142868042,-0.2906467020511627,-9.733386993408203,-7.159674644470215,-6.991457462310791,-6.550479412078857,-6.3385162353515625,-10.40272045135498,-10.14948558807373,-9.679902076721191,-8.613336563110352,-7.672543048858643,-10.058194160461426,-11.592191696166992,-10.69365406036377,-12.12378978729248,-12.041914939880373,-3.657027959823608,-0.2382350414991378,-10.37027645111084,-7.313331127166748,-6.822804927825928,-7.578574180603027,-7.075565814971924,-12.629783630371094,-12.02120590209961,-10.416267395019531,-8.884039878845215,-7.772565841674805,-11.30972671508789,-11.868125915527344,-11.193609237670898,-12.986879348754885,-12.225390434265137,-4.475996017456055,-0.177603468298912,-11.514355659484863,-8.183978080749512,-7.35383129119873,-7.484190940856934,-7.619236946105957,-13.004488945007324,-12.464550018310549,-10.639392852783203,-9.733908653259276,-7.801488399505615,-10.176092147827148,-11.65058708190918,-10.461591720581056,-13.060209274291992,-11.587258338928224,-3.407517433166504,-0.230895534157753,-11.116340637207031,-8.658175468444824,-7.0059990882873535,-7.895919799804687,-6.509852409362793,-12.903875350952148,-11.15492343902588,-10.345930099487305,-8.793258666992188,-7.492593288421631,-11.010380744934082,-12.49558162689209,-11.617749214172363,-13.14501953125,-12.05317497253418,-3.98346757888794,-0.2377419620752334,-11.693801879882812,-8.577786445617676,-7.002127170562744,-7.901610374450684,-6.7423996925354,-13.109681129455566,-12.352758407592772,-10.51907730102539,-9.179283142089844,-7.573766231536865
13,-9.863877296447754,-9.921130180358888,-9.699015617370604,-8.368800163269043,-5.003104209899902,-6.524459838867188,-4.710519790649414,-7.567806243896484,-7.695394515991211,-10.421457290649414,-8.665979385375977,-7.011561393737793,-7.818334579467773,-9.512609481811523,-6.752026557922363,-8.667024612426758,-8.166905403137207,-10.156678199768066,-12.158299446105955,-10.33730411529541,-11.68838119506836,-11.770559310913086,-4.081684589385986,-0.2486194968223571,-10.134963035583496,-6.788637161254883,-7.108618259429932,-7.823395729064941,-7.538123607635498,-12.729195594787598,-12.38678741455078,-10.34242057800293,-8.155948638916016,-7.809443950653076,-9.687918663024902,-10.95154857635498,-10.203435897827148,-11.879020690917969,-10.94166088104248,-3.60356330871582,-0.2460379153490066,-10.711286544799805,-7.440971851348877,-6.397919654846191,-6.9557037353515625,-6.353028297424316,-12.155354499816896,-11.27057647705078,-9.487112998962402,-8.033174514770508,-6.66972541809082,-8.83845043182373,-11.212345123291016,-9.838037490844728,-11.79380989074707,-10.774593353271484,-2.928307056427002,-0.3303859829902649,-10.130819320678713,-7.437011241912842,-6.22952938079834,-7.414284706115723,-5.769128322601318,-12.003280639648438,-10.833611488342283,-9.578202247619627,-7.741507053375244,-6.9937849044799805,-9.438499450683594,-11.46015167236328,-9.979533195495604,-12.29666519165039,-10.805030822753906,-3.118636131286621,-0.2803629636764526,-10.253365516662598,-7.846566677093506,-6.486947059631348,-7.338957786560059,-6.009585380554199,-11.659239768981934,-10.909659385681152,-9.599093437194824,-8.086783409118652,-6.7077741622924805,-10.039151191711426,-11.694252014160156,-11.18885326385498,-12.89603042602539,-11.110668182373049,-3.0266780853271484,-0.2583714723587036,-11.073122024536133,-8.442399978637695,-6.5229997634887695,-8.114583015441895,-5.791772842407227,-12.725139617919922,-11.386327743530272,-10.063546180725098,-7.993888854980469,-6.843874454498291
8,-10.567954063415527,-9.895914077758787,-10.834970474243164,-7.493834495544434,-5.430945873260498,-6.408488750457764,-5.469589710235596,-8.06692123413086,-8.870448112487793,-10.861135482788086,-9.605483055114746,-7.533470630645752,-8.384367942810059,-10.150995254516602,-6.874461174011231,-9.325384140014648,-9.25247573852539,-7.872417449951172,-9.627678871154783,-9.632221221923828,-9.172489166259766,-6.197488784790039,-4.350614547729492,-2.8449935913085938,-8.971000671386719,-8.225274085998535,-7.97536563873291,-8.080561637878418,-5.563556671142578,-7.666653156280518,-8.930007934570312,-7.450791358947754,-8.748218536376953,-8.051507949829102,-9.673985481262209,-10.048608779907228,-10.279714584350586,-10.279789924621582,-11.235037803649902,-4.32437801361084,-0.2402503043413162,-9.032190322875977,-6.433022499084473,-6.436651229858398,-6.447188377380371,-6.66115665435791,-11.13504409790039,-11.662727355957031,-9.155863761901855,-8.504263877868652,-7.347033500671387,-9.229891777038574,-10.625739097595217,-10.203906059265137,-11.864069938659668,-10.825044631958008,-3.570896863937378,-0.2590378224849701,-9.622663497924805,-7.1326212882995605,-6.553805351257324,-7.142313957214356,-6.083799839019775,-11.980225563049316,-12.036336898803713,-9.543374061584473,-8.214949607849121,-7.04487943649292,-8.458600044250488,-10.687231063842772,-10.018031120300291,-12.180171966552734,-10.122105598449709,-2.415715456008911,-0.3674391508102417,-9.903494834899902,-8.060391426086426,-6.175954818725586,-7.2123122215271,-5.163986206054688,-11.78929615020752,-10.600435256958008,-9.433748245239258,-7.714423656463623,-6.742920875549316,-10.072834968566896,-11.406055450439451,-11.691831588745115,-13.98308277130127,-11.374554634094238,-3.998892784118652,-0.0775700807571411,-11.293903350830078,-8.360433578491211,-6.725106716156006,-8.510790824890137,-6.505812644958496,-13.344930648803713,-12.26140594482422,-10.045188903808594,-8.328913688659668,-7.586127281188965
15,-9.747262001037598,-9.77776050567627,-10.09372615814209,-6.4427595138549805,-5.161687850952148,-6.532693862915039,-4.166067600250244,-6.966065883636475,-8.375490188598633,-10.939014434814451,-9.12639617919922,-7.305432319641113,-7.923299312591553,-9.86074161529541,-6.590400218963623,-9.121536254882812,-8.94343090057373,-9.735827445983888,-11.548395156860352,-10.548591613769531,-11.586551666259766,-12.29249668121338,-4.09783935546875,-0.2915257513523102,-10.226685523986816,-6.96470832824707,-7.35460615158081,-7.794595241546631,-7.473276138305664,-12.71340560913086,-12.216471672058104,-10.688663482666016,-8.736479759216309,-8.543768882751465,-9.226933479309082,-11.398731231689451,-10.606026649475098,-12.001145362854004,-11.537843704223633,-3.3802645206451416,-0.3539544641971588,-10.530991554260254,-7.625205039978027,-7.060507297515869,-7.980223655700684,-6.463638782501221,-12.595376014709473,-11.266746520996094,-10.26928424835205,-8.516508102416992,-7.527281284332275,-8.651371002197266,-10.868097305297852,-9.993158340454102,-11.998594284057615,-11.63173484802246,-3.461775302886963,-0.2580630779266357,-10.078266143798828,-7.691848278045654,-6.869566440582275,-7.9548845291137695,-6.224256038665772,-12.494599342346191,-10.218799591064451,-10.23122215270996,-8.15971565246582,-7.914944648742676,-9.169870376586914,-11.245773315429688,-10.194856643676758,-12.05547046661377,-11.556434631347656,-3.453466892242432,-0.2786071300506592,-10.28245449066162,-7.572884559631348,-6.828112602233887,-7.806547164916992,-6.43402910232544,-12.483667373657228,-10.790263175964355,-10.243783950805664,-8.125749588012695,-7.6769118309021,-7.498197078704834,-11.140172958374023,-10.147979736328123,-11.653796195983888,-11.644960403442385,-3.618762493133545,-0.3301782011985779,-9.143324851989746,-7.321094989776611,-6.931861400604248,-8.033361434936523,-6.380124568939209,-11.647576332092283,-10.28151035308838,-10.090153694152832,-7.928041934967041,-8.205510139465332
14,-8.450080871582031,-8.287468910217285,-9.01149845123291,-6.832742691040039,-4.067694187164307,-5.449121952056885,-3.088063240051269,-6.537694454193115,-7.006640434265137,-8.98189640045166,-8.184722900390625,-5.74798059463501,-6.65015983581543,-8.625760078430176,-4.948548793792725,-7.554304599761963,-7.17310905456543,-6.599626064300537,-7.585331916809082,-7.225905418395996,-7.383692264556885,-7.400272846221924,-3.391997814178467,-0.9567289352416992,-6.558132648468018,-5.133571147918701,-5.857527256011963,-5.531318664550781,-5.23843240737915,-7.002542495727539,-7.823895931243896,-6.2963151931762695,-7.558042526245117,-7.521641254425049,-9.807534217834473,-8.96652603149414,-9.976731300354004,-11.55552101135254,-11.874171257019045,-3.95475959777832,-0.219007983803749,-9.597475051879885,-7.346773624420166,-6.166539192199707,-7.213059425354004,-7.076723098754883,-12.985441207885742,-12.536964416503906,-10.236655235290527,-8.44772720336914,-8.667551040649414,-9.546083450317385,-11.264102935791016,-10.046165466308594,-11.592238426208496,-10.837679862976074,-3.3870785236358643,-0.2613320052623749,-10.205047607421877,-7.024477481842041,-6.2614288330078125,-6.973187446594238,-6.518352508544922,-11.674922943115234,-11.288045883178713,-9.452348709106444,-8.10659122467041,-6.697081565856934,-9.324101448059082,-11.014715194702148,-10.077518463134766,-11.664982795715332,-10.70937442779541,-3.085664987564087,-0.2930879592895508,-10.418686866760254,-7.541102409362793,-6.351415157318115,-7.11339807510376,-6.311070442199707,-11.866804122924805,-10.981890678405762,-9.546371459960938,-8.21288013458252,-6.671377182006836,-10.003913879394531,-11.94106674194336,-11.012782096862791,-12.661654472351074,-10.797432899475098,-3.341046094894409,-0.2185442596673965,-10.896716117858888,-7.90086030960083,-6.524394512176514,-7.571938514709473,-6.120018005371094,-12.236446380615234,-11.54875946044922,-9.735690116882324,-8.212005615234375,-6.754283905029297
12,-10.900754928588867,-10.414128303527832,-11.6994047164917,-8.77536392211914,-5.7340168952941895,-6.909082889556885,-5.727129936218262,-8.323097229003906,-9.728354454040527,-11.142471313476562,-10.305099487304688,-8.087923049926758,-9.208314895629885,-10.988354682922363,-7.745837688446045,-9.857080459594728,-9.669458389282228,-11.043689727783203,-11.98012924194336,-12.316816329956056,-10.19343376159668,-7.25999641418457,-6.43741512298584,-6.066995143890381,-8.98316478729248,-10.848153114318848,-10.520320892333984,-11.142290115356444,-9.045656204223633,-10.656108856201172,-12.17609977722168,-9.901620864868164,-10.935521125793455,-11.515789985656738,-8.966897010803223,-11.1097412109375,-10.065969467163086,-7.628563404083252,-7.406357288360596,-5.104507923126221,-3.244561195373535,-7.311524868011475,-6.635229587554932,-8.14824104309082,-8.627918243408203,-7.404967784881592,-10.053627967834473,-11.101343154907228,-7.850668430328369,-9.664401054382324,-9.714140892028809,-11.645240783691406,-11.341347694396973,-11.585280418395996,-11.799922943115234,-12.178893089294434,-5.470269680023193,-0.1406729370355606,-11.10569667816162,-6.342657089233398,-6.884514331817627,-7.79928731918335,-8.119709014892578,-13.206168174743652,-14.26522445678711,-10.209237098693848,-9.182363510131836,-7.721174240112305,-11.950705528259276,-11.768237113952637,-11.809791564941406,-11.423234939575195,-12.523693084716797,-5.4593186378479,-0.1282003670930862,-10.90847873687744,-6.589794158935547,-7.114109039306641,-7.929146766662598,-8.258024215698242,-13.175104141235352,-14.321887016296388,-10.548724174499512,-9.434686660766602,-8.174707412719727,-10.816744804382324,-12.372968673706056,-11.838836669921877,-11.82224941253662,-12.40402603149414,-3.845279216766357,-0.2214888632297516,-11.024367332458496,-6.601150989532471,-6.764205932617188,-8.082927703857422,-7.405594348907471,-12.790728569030762,-13.23630714416504,-10.47450065612793,-9.14060878753662,-7.932984828948975
21,-10.449193000793455,-9.337244033813477,-10.20310401916504,-8.543720245361328,-5.583866119384766,-6.513895034790039,-5.923834800720215,-7.981029987335205,-8.707926750183105,-10.01327133178711,-9.966911315917969,-6.855587005615234,-8.144704818725586,-9.75150203704834,-7.016826629638672,-8.689409255981445,-8.546964645385742,-10.836487770080566,-12.268009185791016,-10.947103500366213,-11.486645698547363,-11.825433731079102,-4.080581665039063,-0.2766554355621338,-10.63989543914795,-6.87222146987915,-7.414229393005371,-7.697353363037109,-7.734195709228516,-12.216686248779297,-13.338190078735352,-10.244629859924316,-9.246996879577637,-8.464438438415527,-10.20870590209961,-12.153318405151367,-10.76198959350586,-12.207283973693848,-11.54537582397461,-3.4219090938568115,-0.2858318388462066,-10.98663330078125,-7.889401912689209,-7.016687870025635,-7.599298477172852,-6.719184398651123,-12.469406127929688,-11.856928825378418,-10.13265609741211,-8.868952751159668,-7.359535694122314,-9.842765808105469,-11.872566223144531,-10.36336612701416,-11.938482284545898,-11.022326469421388,-3.39904260635376,-0.2949623465538025,-10.569997787475586,-7.751604080200195,-7.000996112823486,-7.216958999633789,-6.467000484466553,-11.91354274749756,-11.664294242858888,-9.844947814941406,-8.695380210876465,-7.0748066902160645,-10.29287052154541,-11.065292358398438,-10.609132766723633,-12.73269748687744,-10.89964199066162,-3.4991021156311035,-0.2920962572097778,-10.66741180419922,-8.569483757019043,-6.671195983886719,-7.06993579864502,-6.2230305671691895,-11.868704795837402,-11.238129615783691,-9.6599760055542,-9.428448677062988,-6.845136642456055,-10.064669609069824,-11.710540771484377,-11.43866729736328,-12.98250961303711,-11.751351356506348,-3.256092071533203,-0.3078628480434418,-11.066895484924316,-8.650957107543945,-6.619356632232666,-8.070813179016113,-5.891927719116211,-12.504079818725586,-11.129632949829102,-10.06390380859375,-9.216415405273438,-7.420870780944824
23,-9.843025207519531,-9.71247673034668,-9.630120277404783,-8.482297897338867,-5.340236663818359,-5.935185432434082,-4.144776821136475,-7.881202697753906,-7.944632053375244,-10.117142677307127,-9.237560272216797,-7.070324897766113,-7.557449340820312,-9.526323318481444,-6.702164173126221,-8.872474670410156,-8.402090072631836,-10.637059211730955,-12.39606475830078,-10.94882583618164,-10.814102172851562,-12.674158096313477,-4.644121646881104,-0.4381284415721893,-10.060755729675291,-5.312207221984863,-6.889719486236572,-8.22044563293457,-8.196427345275879,-12.35891819000244,-13.152606964111328,-10.448606491088867,-9.071857452392578,-9.024040222167969,-10.298800468444824,-11.378582000732422,-10.908559799194336,-11.689789772033691,-12.477060317993164,-4.138418197631836,-0.2503363490104675,-10.533547401428224,-7.1547698974609375,-6.910315990447998,-7.549278259277344,-7.103847503662109,-12.951289176940918,-12.161317825317385,-10.48232078552246,-8.780274391174316,-7.983940601348877,-10.406817436218262,-11.223854064941406,-11.042436599731444,-12.161120414733888,-12.301061630249023,-4.141140937805176,-0.2114825844764709,-10.404358863830566,-7.086246490478516,-6.528738021850586,-7.1551618576049805,-7.04445743560791,-12.90877914428711,-12.408005714416504,-10.202167510986328,-8.457014083862305,-7.685760021209717,-10.24554443359375,-11.31904411315918,-11.018308639526367,-12.64564323425293,-11.43711280822754,-3.8227903842926025,-0.2252244353294372,-11.10665225982666,-8.163736343383789,-6.726294040679932,-7.721834659576416,-6.014890193939209,-12.667218208312988,-11.527533531188965,-9.522576332092283,-8.391152381896973,-7.028627872467041,-11.34274959564209,-11.41106128692627,-12.10633373260498,-12.894030570983888,-12.845165252685549,-4.450228691101074,-0.1462535113096237,-11.299328804016112,-7.754612445831299,-6.636263370513916,-8.182665824890137,-7.276040077209473,-13.867714881896973,-13.168424606323242,-10.57190990447998,-8.85717487335205,-8.373435974121094
9,-10.191892623901367,-9.009077072143556,-9.9469633102417,-7.871051788330078,-5.574728488922119,-6.38124418258667,-4.527536392211914,-7.250842571258545,-8.11907958984375,-9.855626106262209,-9.650452613830566,-7.276175022125244,-7.846077442169189,-9.835917472839355,-6.709122657775879,-8.861310958862305,-8.856865882873535,-10.8435697555542,-12.33217716217041,-12.145827293395996,-10.674356460571287,-8.659333229064941,-8.594412803649902,-5.221309185028076,-9.16563320159912,-9.218366622924805,-10.233619689941406,-11.378561973571776,-10.0225191116333,-10.673587799072266,-11.25542449951172,-10.565373420715332,-10.771529197692873,-12.010150909423828,-10.086252212524414,-10.970203399658203,-10.351274490356444,-11.78443431854248,-11.544160842895508,-4.018081665039063,-0.3330935537815094,-10.31936740875244,-7.018009185791016,-6.615128517150879,-7.6331610679626465,-7.297046661376953,-12.60305881500244,-11.767353057861328,-10.094566345214844,-8.560870170593262,-7.590795516967773,-9.535776138305664,-11.25340175628662,-9.691332817077637,-11.619499206542969,-10.818517684936523,-3.630136013031006,-0.3252819776535034,-10.131349563598633,-7.155822277069092,-6.782297611236572,-7.098735809326172,-6.749486446380615,-11.70389175415039,-10.798707962036133,-9.550381660461426,-8.184226989746094,-6.702358722686768,-9.75001621246338,-11.10749626159668,-9.946041107177734,-12.12607479095459,-10.768790245056152,-4.075977325439453,-0.2130558937788009,-10.243356704711914,-7.640834808349609,-6.625421047210693,-7.368651390075684,-6.910019874572754,-12.238640785217283,-11.591864585876465,-9.760929107666016,-8.062918663024902,-6.942835330963135,-10.248212814331056,-11.087071418762209,-10.740138053894045,-12.43579387664795,-11.191950798034668,-4.184737682342529,-0.2252122312784195,-10.492350578308104,-6.930331707000732,-6.2436628341674805,-7.548666000366211,-7.020666599273682,-11.88107204437256,-11.790462493896484,-9.514413833618164,-8.447704315185547,-6.937170505523682
11,-8.553584098815918,-7.725156307220459,-8.672481536865234,-6.55546236038208,-3.677461624145508,-4.787317276000977,-3.347841024398804,-6.437568187713623,-6.640276908874512,-8.789725303649902,-8.476237297058105,-5.536147117614746,-6.712391376495361,-8.6297025680542,-5.208582401275635,-7.50850772857666,-7.298393249511719,-9.406110763549805,-11.217811584472656,-9.941142082214355,-10.989567756652832,-11.768627166748049,-3.743395566940308,-0.3144712746143341,-9.93765354156494,-6.255297660827637,-6.690189361572266,-7.298828125,-6.944549560546875,-11.91555404663086,-11.172866821289062,-9.927034378051758,-8.338488578796387,-8.083847045898438,-9.789190292358398,-11.20080852508545,-10.558578491210938,-12.19632339477539,-11.158608436584473,-3.613283634185791,-0.249441996216774,-11.15722370147705,-7.603207588195801,-6.958070755004883,-7.4253668785095215,-6.308927059173584,-12.43823528289795,-11.613640785217283,-9.82327365875244,-8.442691802978516,-6.721351623535156,-9.608460426330566,-11.534147262573242,-10.559965133666992,-12.513381004333496,-11.338757514953612,-3.113421678543091,-0.2745896577835083,-10.998006820678713,-7.734554767608643,-6.733828544616699,-7.859005451202393,-6.304879188537598,-12.57175636291504,-11.400765419006348,-10.025839805603027,-8.337924003601074,-6.997618675231934,-9.249398231506348,-11.512149810791016,-9.996572494506836,-12.52214813232422,-11.184577941894531,-2.893876075744629,-0.2732677757740021,-10.75436019897461,-7.929772853851318,-6.625925064086914,-7.994580745697021,-6.177712440490723,-12.381930351257324,-11.132902145385742,-10.123634338378906,-7.910569667816162,-7.342380046844482,-9.072274208068848,-11.316184043884276,-9.748550415039062,-13.16320514678955,-10.266677856445312,-3.849480867385864,-0.1687006056308746,-10.417291641235352,-7.8703765869140625,-6.380043983459473,-7.1494245529174805,-6.27122974395752,-11.700347900390623,-10.78876495361328,-9.071269989013672,-7.476338863372803,-6.775405406951904
10,-9.300118446350098,-9.11911964416504,-9.794745445251465,-7.934956550598144,-5.31256628036499,-5.726442813873291,-5.377513408660889,-7.218135833740234,-7.941446304321289,-9.323756217956545,-8.845534324645996,-6.428611278533936,-7.7200093269348145,-9.315142631530762,-5.972567558288574,-9.112689971923828,-8.732320785522461,-6.254238128662109,-8.161283493041992,-6.8778181076049805,-9.051806449890137,-7.098705291748047,-3.5317323207855225,-1.0588929653167725,-6.0235795974731445,-5.451768398284912,-4.586123466491699,-5.9586029052734375,-4.298045158386231,-7.588438510894775,-7.228739261627197,-5.370815277099609,-5.708779811859131,-6.45612096786499,-7.4487104415893555,-9.707820892333984,-8.567506790161133,-11.127737998962402,-9.962711334228516,-3.326974868774414,-0.1874670833349228,-8.06857967376709,-7.07672643661499,-5.406577110290527,-6.485378265380859,-5.054112434387207,-10.139307022094728,-8.121479034423828,-7.632247924804687,-7.241604328155518,-7.041018009185791,-7.480641841888428,-9.071069717407228,-8.076656341552734,-10.423843383789062,-10.34692668914795,-3.810136318206787,-0.2462161183357238,-7.259726524353027,-5.584192276000977,-4.565343379974365,-6.294759273529053,-5.438997745513916,-10.19033432006836,-8.442488670349121,-7.788703918457031,-6.820968151092529,-7.791627883911133,-9.02247428894043,-10.45645523071289,-9.779022216796877,-12.43026638031006,-10.865348815917969,-3.4521450996398926,-0.3475692272186279,-9.860533714294434,-7.730135440826416,-5.895315170288086,-7.037825584411621,-5.739959239959717,-12.28079891204834,-10.6183443069458,-9.366547584533691,-7.760275840759277,-7.306648254394531,-8.986331939697266,-10.58581256866455,-10.071511268615724,-12.603154182434082,-11.08259105682373,-3.674990177154541,-0.3169575333595276,-9.427535057067873,-7.2401885986328125,-5.150934219360352,-7.456905364990234,-5.556628704071045,-12.566725730895996,-10.804326057434082,-9.202430725097656,-7.753593921661377,-7.548885345458984
20,-9.825140953063965,-9.640129089355469,-10.237939834594728,-8.46202564239502,-5.55627965927124,-5.825853824615479,-4.25620698928833,-7.949282646179199,-8.787232398986816,-10.398516654968262,-9.305397033691406,-6.676929950714111,-7.847340583801269,-10.064295768737791,-6.729020595550537,-8.663867950439453,-8.335362434387207,-8.382817268371582,-9.336995124816896,-9.433181762695312,-11.161882400512695,-10.475492477416992,-2.8694064617156982,-0.3069652318954468,-7.879081249237059,-5.838114738464356,-5.48167085647583,-7.552962303161621,-5.366570472717285,-11.457016944885254,-10.716876029968262,-8.871463775634766,-7.445190906524658,-8.834619522094727,-10.120794296264648,-10.699528694152832,-10.94003963470459,-12.7930326461792,-12.226301193237305,-3.719241857528688,-0.1521937549114227,-10.562646865844728,-7.724968433380127,-6.981537818908691,-7.920106410980225,-7.06093168258667,-13.40701961517334,-12.495296478271484,-10.549931526184082,-7.875316619873047,-7.854598999023437,-9.835901260375977,-10.532647132873535,-10.488718032836914,-12.672490119934082,-11.862204551696776,-3.806316375732422,-0.2040858566761016,-9.820417404174805,-7.877137184143066,-6.971636772155762,-7.959393501281738,-6.61518669128418,-12.984461784362791,-12.157034873962402,-10.542797088623049,-8.031893730163574,-8.443363189697266,-9.64215087890625,-10.678979873657228,-10.548541069030762,-12.679919242858888,-11.723790168762209,-3.1533002853393555,-0.2476460039615631,-10.49305248260498,-8.576828002929688,-6.975708961486816,-8.132802963256836,-6.040884017944336,-13.056509017944336,-11.35660457611084,-10.430391311645508,-8.267987251281738,-7.980238914489746,-10.366416931152344,-11.29297161102295,-11.493000030517578,-12.803092002868652,-12.399246215820312,-3.5431876182556152,-0.2019389420747757,-10.97230625152588,-8.61660099029541,-7.088550567626953,-8.470743179321289,-6.220804691314697,-13.199560165405272,-12.262883186340332,-10.712092399597168,-8.523097038269043,-8.334633827209473
0,-10.351778030395508,-10.154860496520996,-11.014272689819336,-8.78439998626709,-6.249794006347656,-6.568402290344238,-5.337260723114014,-7.632536888122559,-9.225250244140623,-10.124567985534668,-9.999258041381836,-7.859953880310059,-8.931564331054688,-10.37201976776123,-7.438539505004883,-9.629322052001951,-9.657057762145996,-8.82705307006836,-10.20537567138672,-10.285935401916504,-9.202391624450684,-7.293491840362549,-6.163527011871338,-3.168542861938477,-6.996407508850098,-7.116127014160156,-8.001836776733398,-9.055105209350586,-7.924919605255127,-8.669488906860352,-11.168644905090332,-8.189754486083984,-8.653093338012695,-9.505332946777344,-11.35347843170166,-11.917405128479004,-11.35023021697998,-6.375107288360596,-8.427200317382812,-7.960432052612305,-2.135859727859497,-6.919149875640869,-6.192957401275635,-8.744161605834961,-9.928074836730955,-9.471070289611816,-12.203446388244627,-14.61542510986328,-10.713871955871582,-9.83150863647461,-12.6193208694458,-9.998401641845703,-11.237671852111816,-10.870491981506348,-11.50573444366455,-12.650198936462402,-4.249458312988281,-0.1711591184139251,-9.942837715148926,-6.045056343078613,-7.394521713256836,-8.532034873962402,-7.785684585571289,-13.236783027648926,-12.34483814239502,-10.630382537841797,-8.5219087600708,-8.88924789428711,-9.24003791809082,-10.395610809326172,-9.9970064163208,-11.170742988586426,-12.041081428527832,-3.688138484954834,-0.199650764465332,-9.552528381347656,-7.0823235511779785,-6.912935256958008,-8.040323257446289,-6.766077518463135,-12.224312782287598,-10.018491744995115,-10.135782241821287,-8.438373565673828,-8.089034080505371,-10.392278671264648,-10.65070343017578,-11.006489753723145,-12.108908653259276,-12.17311954498291,-3.8426613807678223,-0.1492183208465576,-10.760668754577637,-9.107542991638184,-7.629054546356201,-8.1227445602417,-6.407345294952393,-13.01777172088623,-11.934654235839844,-10.959832191467283,-8.824769020080566,-8.683429718017578
6,-8.453365325927734,-9.17532730102539,-9.32153606414795,-7.737762928009033,-3.96766996383667,-5.277781009674072,-5.009331226348877,-7.98450231552124,-7.242561817169189,-9.778303146362305,-8.725594520568848,-5.374501705169678,-6.623998165130615,-8.325332641601562,-5.527189254760742,-8.185097694396973,-7.247725963592529,-8.809572219848633,-8.95881175994873,-8.702324867248535,-8.622867584228516,-5.649389266967773,-5.474490165710449,-4.196286201477051,-7.871316909790039,-7.044502258300781,-8.145455360412598,-9.22609806060791,-6.999279975891113,-6.997278213500977,-8.848804473876953,-6.883754253387451,-8.410578727722168,-9.113055229187012,-10.262422561645508,-10.80025577545166,-10.288108825683594,-11.39068603515625,-11.753491401672363,-4.070568084716797,-0.282063364982605,-10.31581211090088,-6.555416107177734,-6.377511501312256,-6.9601664543151855,-7.039450645446777,-12.386268615722656,-12.979808807373049,-9.762703895568848,-8.400749206542969,-7.53997278213501,-9.771711349487305,-12.122486114501951,-10.06826877593994,-11.896872520446776,-11.04473876953125,-3.878284454345703,-0.2886471450328827,-9.884952545166016,-7.072384834289551,-6.793103694915772,-7.492547988891602,-6.9961042404174805,-11.736159324645996,-11.652560234069824,-9.801730155944824,-8.343058586120605,-7.137604713439941,-9.842597007751465,-11.497466087341309,-10.547659873962402,-12.62822151184082,-11.111407279968262,-3.13349723815918,-0.239777073264122,-10.70147705078125,-8.042608261108398,-6.598382949829102,-7.929075717926025,-6.3647003173828125,-12.497578620910645,-11.594239234924316,-10.152101516723633,-8.270478248596191,-7.210909843444824,-10.379152297973633,-12.196125984191896,-11.320813179016112,-12.945351600646973,-11.128859519958496,-3.4730827808380127,-0.2223770171403885,-11.1266508102417,-8.358036041259766,-6.801831245422363,-8.070630073547363,-6.200732707977295,-12.656465530395508,-12.49827766418457,-10.049067497253418,-8.181551933288574,-6.886845111846924
5,-10.376848220825195,-10.510764122009276,-11.047395706176758,-8.55715274810791,-5.9421491622924805,-6.249416351318359,-5.954501152038574,-8.933289527893066,-10.269039154052734,-11.392788887023926,-10.489749908447266,-7.199319839477539,-8.518853187561035,-10.695575714111328,-7.929762363433838,-9.892457008361816,-9.6256685256958,-10.8941011428833,-12.104547500610352,-11.359166145324709,-11.25384521484375,-13.143495559692385,-5.29149341583252,-0.2165914922952652,-9.22062873840332,-6.624851703643799,-8.133668899536133,-9.717123031616213,-8.675914764404297,-14.228590965270996,-15.030362129211426,-12.045672416687012,-9.12930679321289,-10.904526710510254,-10.969634056091309,-12.4054536819458,-11.890758514404297,-12.12937831878662,-13.365134239196776,-5.229832172393799,-0.1493490040302276,-9.981706619262695,-6.937006950378418,-7.961831092834473,-9.397634506225586,-8.190143585205078,-14.243433952331545,-14.370412826538086,-11.79258155822754,-8.91923713684082,-9.865270614624023,-9.903964042663574,-11.497210502624512,-11.029901504516602,-11.847192764282228,-12.32540225982666,-4.127678394317627,-0.246623232960701,-10.134051322937012,-6.985344409942627,-7.358922481536865,-8.181496620178223,-7.126844882965088,-12.793586730957031,-12.394609451293944,-10.6576509475708,-8.677900314331055,-8.23248291015625,-9.37563705444336,-11.446290969848633,-10.751824378967283,-12.399735450744627,-11.03997802734375,-2.813803672790528,-0.2450957894325256,-10.509971618652344,-7.6311421394348145,-6.781253337860107,-8.06007194519043,-6.339272499084473,-12.450188636779783,-11.34231662750244,-10.215396881103516,-8.299509048461914,-7.346538543701172,-10.55976104736328,-12.279382705688477,-11.840754508972168,-13.045448303222656,-11.894701957702637,-3.6080048084259033,-0.160275787115097,-11.099081039428713,-7.531271457672119,-6.957282543182373,-8.06461238861084,-6.554262161254883,-13.093838691711426,-12.363967895507812,-10.49414348602295,-8.449328422546387,-7.564701557159424
17,-7.727920532226562,-9.907034873962402,-9.117910385131836,-8.236385345458984,-4.2008056640625,-4.661594390869141,-5.352210998535156,-8.01888370513916,-7.8804216384887695,-8.906822204589844,-9.577378273010254,-4.668678283691406,-6.570839881896973,-7.80079460144043,-5.431602478027344,-8.094182014465332,-7.327522754669189,-4.718540191650391,-8.903788566589355,-7.300228118896484,-11.252398490905762,-6.986217498779297,-1.4682550430297852,-0.5909816026687622,-7.714828014373779,-7.280826091766357,-5.31594705581665,-7.933663845062256,-2.90926456451416,-8.41733169555664,-5.347880363464356,-6.833603858947754,-7.022007942199707,-6.660309314727783,-6.815616130828857,-8.797074317932129,-9.134333610534668,-12.884685516357422,-9.98495864868164,-2.254729747772217,-0.2137984931468963,-9.455994606018066,-8.121637344360352,-5.1806817054748535,-7.770195007324219,-4.041263103485107,-11.215287208557127,-8.342148780822754,-8.103589057922363,-7.368844032287598,-6.794029712677002,-9.832135200500488,-9.82198715209961,-10.59085178375244,-13.10269832611084,-11.452522277832031,-4.080655574798584,-0.1676287353038787,-10.983031272888184,-8.153573989868164,-6.246273517608643,-7.436751842498779,-6.135919094085693,-12.780036926269531,-11.428266525268556,-9.687365531921388,-8.414286613464355,-7.419023990631103,-9.517169952392578,-8.760138511657715,-9.690521240234377,-12.126959800720217,-10.898345947265623,-4.130393505096436,-0.4231305718421936,-10.614971160888672,-7.564141273498535,-6.014582633972168,-6.472463607788086,-6.263955593109131,-11.94667148590088,-10.77802848815918,-9.197550773620604,-8.47375774383545,-7.039470195770264,-9.902839660644531,-9.214385032653809,-10.523563385009766,-13.070870399475098,-11.233518600463867,-4.2021164894104,-0.2676950693130493,-10.809356689453123,-8.031966209411621,-5.817287445068359,-6.672865390777588,-5.8127617835998535,-12.488007545471191,-11.442177772521973,-9.440689086914062,-8.13089370727539,-7.217244148254394
16,-10.860596656799316,-9.401596069335938,-10.237845420837402,-8.14503002166748,-6.035726547241211,-6.377850532531738,-5.280972480773926,-7.7032952308654785,-8.864367485046387,-10.775537490844728,-8.938895225524902,-7.680859565734863,-8.900750160217285,-10.177759170532228,-7.441695213317871,-9.671634674072266,-8.936574935913086,-10.101943016052246,-11.23381519317627,-10.245563507080078,-10.841495513916016,-12.446157455444336,-4.008635520935059,-0.3199445009231567,-9.467482566833496,-6.108678340911865,-7.289567470550537,-8.618478775024414,-8.169445991516113,-12.790593147277832,-12.769389152526855,-10.63940715789795,-9.0501708984375,-9.846487998962402,-10.5345458984375,-11.211042404174805,-11.168121337890623,-11.627518653869627,-12.884417533874512,-4.721053123474121,-0.1668792068958282,-10.178820610046388,-7.1252055168151855,-7.533699989318848,-8.737119674682617,-7.947604179382324,-13.720595359802246,-13.41871452331543,-11.298757553100586,-9.139299392700195,-9.724491119384766,-10.739152908325195,-11.486553192138672,-11.327959060668944,-12.79074478149414,-12.926971435546877,-4.406605243682861,-0.1320765614509582,-10.825575828552246,-7.891180992126465,-7.418835639953613,-9.034734725952148,-7.509947299957275,-13.943835258483888,-13.142460823059082,-11.13379192352295,-8.977435111999512,-9.160381317138672,-10.074263572692873,-11.183554649353027,-10.662846565246582,-12.711172103881836,-12.321242332458496,-3.796362400054932,-0.1792114526033401,-10.604199409484863,-8.43067455291748,-7.426468372344971,-8.436918258666992,-6.682069301605225,-13.25271987915039,-11.588334083557127,-10.72839641571045,-8.767043113708496,-8.549510955810547,-10.296659469604492,-11.24604034423828,-11.42233657836914,-12.958470344543455,-12.205084800720217,-3.546670436859131,-0.2061808258295059,-10.846553802490234,-8.707640647888184,-7.0657148361206055,-8.26894474029541,-6.134732723236084,-13.278879165649414,-12.14537525177002,-10.53603172302246,-8.577445983886719,-8.174083709716797
4,-8.537230491638184,-8.708428382873535,-9.138457298278809,-6.366445064544678,-3.993130683898926,-5.611288070678711,-3.5953891277313232,-6.019032001495361,-7.650606632232666,-9.376961708068848,-9.440696716308594,-6.302884101867676,-7.252875804901123,-9.348177909851074,-5.509202480316162,-8.4467191696167,-8.580780982971191,-9.43189525604248,-11.579405784606934,-9.899443626403809,-11.244330406188965,-12.86882495880127,-4.622185707092285,-0.2494354099035263,-9.517285346984863,-6.589479446411133,-7.813140869140625,-8.724427223205566,-7.992053031921387,-13.342294692993164,-12.467148780822754,-11.153666496276855,-8.726313591003418,-9.661179542541504,-9.457539558410645,-10.997754096984863,-10.759563446044922,-12.25350284576416,-12.603169441223145,-4.432482719421387,-0.1800285130739212,-10.111242294311523,-7.220054626464844,-7.467990398406982,-8.67375659942627,-7.429325103759766,-13.375386238098145,-11.716381072998049,-11.04129695892334,-8.573827743530273,-8.591297149658203,-8.111785888671875,-10.765668869018556,-10.132413864135742,-11.525261878967283,-11.720409393310549,-3.5730795860290527,-0.3684351444244385,-9.201619148254396,-7.217725276947021,-7.181804180145264,-8.731081008911133,-6.83044958114624,-11.97832202911377,-10.441690444946287,-10.399478912353516,-8.324320793151855,-8.526445388793945,-7.397361755371094,-10.35914421081543,-9.723794937133787,-11.32840347290039,-11.38780403137207,-3.08374571800232,-0.3494119942188263,-9.51291561126709,-7.989669322967529,-7.119937419891357,-8.796713829040527,-6.080777168273926,-12.057099342346191,-9.646650314331056,-10.179935455322266,-8.484829902648926,-8.527544021606445,-8.661285400390625,-11.372163772583008,-10.830581665039062,-11.906538009643556,-11.733991622924805,-3.372589349746704,-0.3386802673339844,-10.33784008026123,-8.065049171447754,-7.3631181716918945,-8.845020294189453,-6.432950973510742,-11.91357135772705,-10.7365083694458,-10.36918830871582,-8.653560638427734,-8.194840431213379
7,-9.427496910095217,-8.52127456665039,-9.851664543151855,-7.765605449676514,-5.354946136474609,-5.604822158813477,-4.402379989624023,-7.347316265106201,-7.608243942260742,-8.905234336853027,-9.211198806762695,-6.7075910568237305,-7.716629981994629,-9.29930591583252,-6.233696460723877,-8.893077850341797,-8.446330070495605,-7.8629560470581055,-8.160294532775879,-8.725890159606934,-7.130949974060059,-6.451058387756348,-3.897630453109741,-2.816483974456787,-6.81290864944458,-5.842992305755615,-6.775047779083252,-7.306768417358398,-5.68690299987793,-7.392537593841553,-8.972679138183594,-6.030134201049805,-8.860760688781738,-9.3056001663208,-8.536004066467285,-11.298484802246094,-8.880356788635254,-8.136164665222168,-9.94565200805664,-4.302318096160889,-0.6451364159584045,-8.11060619354248,-4.551325798034668,-6.961475372314453,-6.90867805480957,-7.273117542266846,-9.63599681854248,-10.355558395385742,-8.492888450622559,-8.61293888092041,-9.080167770385742,-9.726499557495115,-11.489866256713867,-10.741968154907228,-12.202579498291016,-12.585716247558594,-3.774183511734009,-0.1426111906766891,-10.363534927368164,-6.8695220947265625,-6.901012420654297,-8.011570930480957,-7.2320427894592285,-13.118138313293455,-12.010351181030272,-10.763325691223145,-8.308414459228516,-8.781442642211914,-9.030305862426758,-11.237017631530762,-9.914840698242188,-11.682966232299805,-11.958724975585938,-3.867010593414306,-0.2149600833654403,-9.8714017868042,-6.44004487991333,-6.1659836769104,-7.620862007141113,-6.72477388381958,-12.774398803710938,-10.918846130371094,-10.010601997375488,-8.074576377868652,-8.749168395996094,-9.640654563903809,-12.259204864501951,-11.816001892089844,-13.490071296691896,-13.213878631591797,-4.078409671783447,-0.1353937834501266,-10.254244804382324,-7.232046127319336,-6.253006935119629,-8.909266471862793,-6.325392246246338,-14.01162338256836,-11.91325569152832,-11.375919342041016,-8.018555641174316,-9.425280570983888
22,-8.755057334899902,-9.646450996398926,-9.943166732788086,-8.64040756225586,-4.624587059020996,-5.34458065032959,-4.313011169433594,-7.948253631591797,-8.208224296569824,-10.220341682434082,-8.712444305419922,-6.0117692947387695,-7.179086208343506,-8.856748580932617,-6.726259231567383,-8.236574172973633,-7.525761604309082,-8.472246170043945,-10.00156021118164,-9.592696189880373,-10.933030128479004,-5.732413291931152,-4.731261253356934,-4.639276027679443,-9.127509117126465,-9.47474193572998,-8.4536771774292,-9.701361656188965,-6.259090423583984,-8.288687705993652,-8.29210376739502,-8.486688613891602,-9.16125774383545,-7.521161556243896,-8.644959449768066,-9.267539978027344,-9.384088516235352,-8.194539070129395,-4.539299964904785,-5.901605606079102,-3.403855562210083,-7.529724597930908,-7.393927574157715,-8.363752365112305,-9.096102714538574,-6.305679321289063,-6.842769622802734,-8.851076126098633,-6.601206302642822,-8.070313453674316,-8.307024002075195,-10.541614532470703,-11.62302303314209,-11.041364669799805,-11.189579963684082,-12.412264823913574,-3.859426498413086,-0.221861720085144,-10.729238510131836,-6.672153949737549,-7.337090969085693,-8.132835388183594,-7.988530158996582,-13.3634672164917,-13.385602951049805,-11.119892120361328,-8.806805610656738,-9.363614082336426,-8.953056335449219,-10.80899143218994,-9.69185733795166,-11.994239807128906,-10.457623481750488,-3.1712310314178467,-0.3563578426837921,-9.890172958374023,-7.443522930145264,-6.51337480545044,-7.058314323425293,-6.438999652862549,-11.19493007659912,-10.32596206665039,-9.446599960327148,-8.355876922607422,-7.087190628051758,-10.498037338256836,-11.623571395874023,-11.408321380615234,-12.723596572875977,-11.301308631896973,-3.502072334289551,-0.2805163264274597,-11.278014183044434,-8.101244926452637,-6.748395919799805,-7.673598289489746,-6.464323997497559,-12.45742416381836,-12.233213424682615,-10.03017234802246,-8.53016471862793,-7.2184247970581055
18,-9.62615203857422,-9.437700271606444,-10.01717758178711,-8.461971282958984,-4.819696426391602,-6.130847930908203,-4.662481307983398,-8.059891700744629,-8.191762924194336,-9.8335542678833,-9.815914154052734,-6.907254219055176,-7.621875286102295,-9.686861038208008,-6.504762172698975,-8.174543380737305,-8.24531078338623,-7.169871807098389,-11.048606872558594,-8.8308744430542,-8.297325134277344,-7.207750797271728,-4.219861507415772,-1.6984981298446655,-6.812317848205566,-6.049705505371094,-6.550322532653809,-7.13475513458252,-6.753861904144287,-8.308208465576172,-8.6580810546875,-6.92491340637207,-7.63218355178833,-7.59611177444458,-9.617914199829102,-12.161331176757812,-9.996450424194336,-10.473112106323242,-11.275358200073242,-4.076265335083008,-0.2227425277233123,-9.206071853637695,-5.304334163665772,-6.206949710845947,-7.891510486602783,-7.467169761657715,-11.591280937194824,-12.281322479248049,-9.177337646484377,-8.523748397827148,-8.093860626220703,-10.569151878356934,-12.190801620483398,-11.023137092590332,-11.95888900756836,-11.878738403320312,-3.8300514221191406,-0.1829904317855835,-10.799702644348145,-7.134681224822998,-6.9344587326049805,-7.770919322967529,-7.506521224975586,-12.945743560791016,-13.12795639038086,-10.428107261657717,-8.872617721557617,-7.695864200592041,-10.18752384185791,-11.81631851196289,-10.730573654174805,-11.868340492248535,-11.467611312866213,-3.742020606994629,-0.2030755877494812,-10.513521194458008,-6.896096706390381,-6.704431056976318,-7.707061290740967,-7.287208557128906,-12.66925048828125,-12.77252960205078,-10.144607543945312,-8.618165016174316,-7.713819026947021,-10.084144592285156,-12.355003356933594,-11.11778450012207,-11.63753890991211,-11.115286827087402,-3.703747987747192,-0.3514754176139831,-10.35859489440918,-5.984269142150879,-6.694902896881104,-7.864449024200439,-7.384767055511475,-11.746410369873049,-13.099879264831545,-9.89500617980957,-8.448282241821289,-7.623506546020508
19,-10.766427993774414,-10.812155723571776,-11.408419609069824,-9.109542846679688,-5.99443244934082,-6.851228713989258,-5.2946882247924805,-8.595202445983887,-10.44084358215332,-11.458223342895508,-10.910165786743164,-7.738266944885254,-8.979408264160156,-11.169313430786133,-8.33517837524414,-9.942970275878906,-9.75426197052002,-9.37563419342041,-11.978126525878906,-10.008732795715332,-10.962127685546877,-11.919005393981934,-3.269976854324341,-0.3211268484592438,-10.009957313537598,-6.056543827056885,-6.957317352294922,-8.110029220581055,-7.17468786239624,-11.96704387664795,-10.716772079467772,-9.85928440093994,-8.201326370239258,-7.896817684173584,-8.47916316986084,-10.95418930053711,-9.61501407623291,-11.05401611328125,-10.78982162475586,-3.118237495422364,-0.3739073574542999,-9.614766120910645,-6.306630611419678,-6.35523796081543,-7.698922157287598,-6.171820640563965,-11.240583419799805,-10.082554817199709,-9.068292617797852,-8.031238555908203,-7.290385246276855,-8.863346099853516,-11.618321418762209,-10.22403335571289,-12.402122497558594,-10.899539947509766,-2.9071054458618164,-0.3354697823524475,-10.405299186706545,-7.9012980461120605,-6.512929439544678,-7.621856689453125,-6.072816848754883,-12.131165504455566,-10.752764701843262,-9.73259162902832,-7.763391971588135,-6.855003833770752,-8.5166015625,-11.505794525146484,-9.693875312805176,-12.047080039978027,-10.614155769348145,-2.9395687580108643,-0.3374805152416229,-9.6221923828125,-7.429431915283203,-6.2515058517456055,-7.892002105712891,-6.037395000457764,-11.707058906555176,-10.33549690246582,-9.433985710144045,-7.379270076751709,-6.866779327392578,-9.719117164611816,-12.034696578979492,-10.518718719482422,-12.912330627441406,-10.948500633239746,-3.9068565368652335,-0.1909798085689544,-10.29520034790039,-7.966336727142334,-6.939262390136719,-8.186358451843262,-6.527990341186523,-12.113722801208496,-11.987278938293455,-9.782685279846191,-7.84311580657959,-7.479842662811279
